{"loss": 3.5858161449432373, "accuracy": 0.0, "val_accuracy": 0.0, "pred": 4, "real": 0, "val_loss": 3.590991735458374, "_runtime": 327, "_timestamp": 1621315324, "_step": 176}