{"loss": 10.585917472839355, "accuracy": 0.0, "val_accuracy": 0.0, "val_loss": 12.157391548156738, "_runtime": 319, "_timestamp": 1621320770, "_step": 176}