{"loss": 1.0422194004058838, "accuracy": 2.1999999999999997, "val_accuracy": 1.9, "val_loss": 0.96923828125, "_runtime": 988, "_timestamp": 1621326120, "_step": 50}