{"loss": 0.18874448537826538, "accuracy": 2.6, "val_accuracy": 2.7, "pred": 3, "real": 0, "val_loss": 0.5874896049499512, "_runtime": 319, "_timestamp": 1621312157, "_step": 176}