{"loss": 3.580484390258789, "accuracy": 0.0, "val_accuracy": 0.0, "pred": 4, "real": 0, "val_loss": 3.5893213748931885, "_runtime": 329, "_timestamp": 1621315668, "_step": 176}