{"loss": 3.5856895446777344, "accuracy": 0.0, "val_accuracy": 0.0, "pred": 33, "real": 0, "val_loss": 3.584864616394043, "_runtime": 26, "_timestamp": 1621312196, "_step": 10}