{"loss": 0.05376344174146652, "accuracy": 2.8000000000000003, "val_accuracy": 2.9000000000000004, "pred": 5, "real": 14, "_runtime": 673, "_timestamp": 1621264487, "_step": 294}