{"loss": 36.26683807373047, "accuracy": 0.0, "val_accuracy": 0.0, "val_loss": 39.354793548583984, "_runtime": 325, "_timestamp": 1621320322, "_step": 176}