{"loss": 0.5022044777870178, "accuracy": 2.6, "val_accuracy": 2.5, "val_loss": 0.6095487475395203, "_runtime": 114, "_timestamp": 1621317477, "_step": 58}