{"loss": 1.5521129369735718, "accuracy": 2.1, "val_accuracy": 4.3, "val_loss": 1.663282871246338, "_runtime": 312, "_timestamp": 1621322884, "_step": 176}