{"loss": 2.2934916019439697, "accuracy": 1.2, "val_accuracy": 1.4000000000000001, "pred": 25, "real": 0, "_runtime": 273, "_timestamp": 1621309572, "_step": 176}