{"loss": 0.10017271339893341, "accuracy": 3.2, "val_accuracy": 4.6, "val_loss": 0.32657885551452637, "_runtime": 327, "_timestamp": 1621322562, "_step": 176}