{"loss": 3.5227980613708496, "accuracy": 0.0, "val_accuracy": 0.0, "val_loss": 3.247502326965332, "_runtime": 25, "_timestamp": 1621323541, "_step": 9}