{"loss": 0.4386065602302551, "accuracy": 2.9000000000000004, "val_accuracy": 2.5, "val_loss": 0.30147942900657654, "_runtime": 320, "_timestamp": 1621324801, "_step": 176}