{"loss": 0.0538194440305233, "accuracy": 2.5, "val_accuracy": 3.5000000000000004, "pred": 0, "real": 23, "_runtime": 254, "_timestamp": 1621262064, "_step": 107}