{"loss": 3.4497711658477783, "accuracy": 0.0, "val_accuracy": 0.0, "pred": 15, "real": 0, "val_loss": 3.4271419048309326, "_runtime": 325, "_timestamp": 1621313267, "_step": 176}