{"loss": 1.4699608087539673, "accuracy": 1.0999999999999999, "val_accuracy": 0.8, "pred": 33, "real": 0, "_runtime": 186, "_timestamp": 1621271497, "_step": 176}