{"loss": 3.5922741889953613, "accuracy": 0.4, "val_accuracy": 0.0, "val_loss": 3.585228443145752, "_runtime": 78, "_timestamp": 1621327657, "_step": 2}