{"loss": 0.15912380814552307, "accuracy": 3.3000000000000003, "val_accuracy": 4.9, "val_loss": 0.37182489037513733, "_runtime": 316, "_timestamp": 1621321234, "_step": 176}