{"loss": 3.0286569595336914, "accuracy": 0.8, "val_accuracy": 1.0999999999999999, "val_loss": 2.7891697883605957, "_runtime": 36, "_timestamp": 1621323440, "_step": 18}