{"loss": 3.5837602615356445, "accuracy": 0.0, "val_accuracy": 0.0, "pred": 31, "real": 0, "val_loss": 3.585671901702881, "_runtime": 332, "_timestamp": 1621313948, "_step": 176}