{"loss": 0.09608396887779236, "accuracy": 3.0, "val_accuracy": 2.1, "pred": 29, "real": 0, "val_loss": 0.38317203521728516, "_runtime": 325, "_timestamp": 1621314642, "_step": 176}