{"loss": 0.4451557695865631, "accuracy": 3.2, "val_accuracy": 2.1, "pred": 2, "real": 0, "val_loss": 0.5209920406341553, "_runtime": 313, "_timestamp": 1621312598, "_step": 176}