{"loss": 0.057477276772260666, "accuracy": 2.5, "val_accuracy": 4.5, "val_loss": 0.2259064018726349, "_runtime": 325, "_timestamp": 1621321893, "_step": 176}