{"loss": 2.1471455097198486, "accuracy": 1.2, "val_accuracy": 1.7999999999999998, "pred": 35, "real": 0, "_runtime": 456, "_timestamp": 1621273821, "_step": 294}