{"loss": 0.05509386956691742, "accuracy": 2.4, "val_accuracy": 4.6, "val_loss": 0.268354207277298, "_runtime": 312, "_timestamp": 1621321558, "_step": 176}