{"loss": 3.5525388717651367, "accuracy": 0.0, "val_accuracy": 0.0, "val_loss": 4.252192974090576, "_runtime": 10, "_timestamp": 1621320903, "_step": 1}