{"loss": 0.3139820992946625, "accuracy": 3.6999999999999997, "val_accuracy": 4.0, "val_loss": 0.2811087965965271, "_runtime": 320, "_timestamp": 1621323884, "_step": 176}