{"loss": 5.419980049133301, "accuracy": 0.6, "val_accuracy": 0.3, "val_loss": 4.49777364730835, "_runtime": 317, "_timestamp": 1621318389, "_step": 176}