{"loss": 3.4678051471710205, "accuracy": 0.0, "val_accuracy": 0.0, "val_loss": 3.4805514812469482, "_runtime": 317, "_timestamp": 1621323211, "_step": 176}