{"loss": 5.4593024253845215, "accuracy": 0.0, "val_accuracy": 0.0, "val_loss": 4.246110439300537, "_runtime": 133, "_timestamp": 1621326313, "_step": 4}