{"loss": 0.19560450315475464, "accuracy": 2.9000000000000004, "val_accuracy": 2.7, "val_loss": 0.2942662537097931, "_runtime": 315, "_timestamp": 1621318715, "_step": 176}