{"loss": 2.9620535373687744, "accuracy": 0.0, "val_accuracy": 0.0, "pred": 18, "real": 0, "val_loss": 3.1204376220703125, "_runtime": 321, "_timestamp": 1621312931, "_step": 176}