{"loss": 0.18923242390155792, "accuracy": 2.9000000000000004, "val_accuracy": 2.7, "pred": 16, "real": 0, "_runtime": 85, "_timestamp": 1621308432, "_step": 50}