{"loss": 23.657005310058594, "accuracy": 0.0, "val_accuracy": 0.0, "val_loss": 23.12171745300293, "_runtime": 314, "_timestamp": 1621319992, "_step": 176}