{"loss": 3.5955963134765625, "accuracy": 0.0, "val_accuracy": 0.0, "val_loss": 3.5837204456329346, "_runtime": 457, "_timestamp": 1621327316, "_step": 23}