{"loss": 0.04283195361495018, "accuracy": 2.5, "val_accuracy": 4.5, "val_loss": 0.2867019474506378, "_runtime": 318, "_timestamp": 1621322221, "_step": 176}