{"loss": 2.4464030265808105, "accuracy": 0.0, "val_accuracy": 0.0, "pred": 18, "real": 0, "val_loss": 2.7237775325775146, "_runtime": 320, "_timestamp": 1621313602, "_step": 176}