{"loss": 1.0237427949905396, "accuracy": 1.5, "val_accuracy": 1.4000000000000001, "pred": 1, "real": 0, "_runtime": 272, "_timestamp": 1621310127, "_step": 176}